<?xml version="1.1" encoding="UTF-8"?>

<project i18n.job.generated.documetation="Generated documentation" i18n.job.project.name="Project Name" i18n.job.generated.date="GENERATION DATE" i18n.job.author="AUTHOR" i18n.job.summary="Summary" i18n.job.project.description="Project Description" i18n.job.job.description="Description" i18n.job.job.preview.picture="Preview Picture" i18n.job.job.setting="Settings" i18n.job.context.list="Context List" i18n.job.component.list="Component List" i18n.job.components.description="Components Description" i18n.job.source.code="Source Code" i18n.job.properties="Properties" i18n.job.values="Values" i18n.job.name="Name" i18n.job.language="Language" i18n.job.description="Description" i18n.job.author.min="Author" i18n.job.version="Version" i18n.job.purpose="Purpose" i18n.job.status="Status" i18n.job.creation="Creation" i18n.job.modification="Modification" i18n.job.extract.settings="Extra settings" i18n.job.value="Value" i18n.job.stats.logs="Status &amp; Logs" i18n.job.context="Context" i18n.job.promt="Prompt" i18n.job.need.promt="Need Prompt?" i18n.job.type="Type" i18n.job.source="Source" i18n.job.component.name="Component Name" i18n.job.component.type="Component Type" i18n.job.component="Component" i18n.job.unique.name="UNIQUE NAME" i18n.job.input="INPUT(S)" i18n.job.label="LABEL" i18n.job.output="OUTPUT(S)" i18n.job.component.parameters="Component Parameters:" i18n.job.schema.for="Schema for " i18n.job.column="Column" i18n.job.key="Key" i18n.job.length="Length" i18n.job.precision="Precision" i18n.job.nullable="Nullable" i18n.job.comment="Comment" i18n.job.original.function.parameters="Original Function Parameters:" i18n.job.ended="ended" i18n.job.content="content" i18n.route.manifest.type="Type" i18n.route.manifest.value="Value" i18n.route.resource.name="Name" i18n.route.resource.version="Version" i18n.route.resource.path="Path" name="damg_midproject" logo="pictures/logo.jpg" title="Generated by Talend Cloud Data Fabric" link="http://www.talend.com" language="java" generatedDate="Oct 22, 2023, 11:56:42 PM" versionName="Talend Cloud VERSION " version="8.0.1.20230913_0925-patch" docType="Jobs" company="">
  <pro-description><![CDATA[]]></pro-description>
  <job name="StagingTable" author="gorle.g@northeastern.edu" i18n.job.extract.settings.type="i18n.job.extract.settings" i18n.job.stats.logs.type="i18n.job.stats.logs" version="0.1" purpose="Talend Job to load the staging data" status="" creation="Oct 20, 2023, 8:23:23 PM" modification="Oct 22, 2023, 11:43:14 PM">
    <description><![CDATA[Talend Job to load the staging data - with all columns<br/>]]></description>
    <preview picture="pictures/StagingTable_0.1.png"/>
    <contextList>
      <context name="Default"/>
    </contextList>
    <jobSetting>
      <extra>
        <jobParameter name="COMP_DEFAULT_FILE_DIR" value=""/>
        <jobParameter name="Multi thread execution" value="false"/>
        <jobParameter name="Implicit tContextLoad" value="false"/>
      </extra>
      <Statslogs>
        <jobParameter name="Use statistics (tStatCatcher)" value="false"/>
        <jobParameter name="Use logs (tLogCatcher)" value="false"/>
        <jobParameter name="Use volumetrics (tFlowMeterCatcher)" value="false"/>
        <jobParameter name="On Console" value="false"/>
        <jobParameter name="On Files" value="false"/>
        <jobParameter name="On Databases" value="false"/>
        <jobParameter name="Catch components statistics" value="false"/>
        <jobParameter name="Catch runtime errors" value="true"/>
        <jobParameter name="Catch user errors" value="true"/>
        <jobParameter name="Catch user warnings" value="true"/>
      </Statslogs>
    </jobSetting>
    <componentList>
      <componentItem name="tDBOutput_1" link="tDBOutput_1" type="tMysqlOutput" leftTopX="736" leftTopY="416" rightBottomX="768" rightBottomY="448"/>
      <componentItem name="tFileInputDelimited_1" link="tFileInputDelimited_1" type="tFileInputDelimited" leftTopX="256" leftTopY="224" rightBottomX="288" rightBottomY="256"/>
      <componentItem name="tLogRow_1" link="tLogRow_1" type="tLogRow" leftTopX="832" leftTopY="224" rightBottomX="864" rightBottomY="256"/>
      <componentItem name="tMap_1" link="tMap_1" type="tMap" leftTopX="544" leftTopY="224" rightBottomX="576" rightBottomY="256"/>
    </componentList>
    <internalNodeComponents>
      <component icon="pictures/tDBOutput_1.png" uniqueName="tDBOutput_1" label="StagingMySQL">
        <input link="tMap_1">tMap_1</input>
        <output>none</output>
        <componentType>tMysqlOutput</componentType>
        <parameters>
          <column name="Database" value="tMysqlOutput"/>
          <column name="Unique Name" value="tDBOutput_1"/>
          <column name="Component Name" value="tMysqlOutput"/>
          <column name="Version" value="0.102 (ALPHA)"/>
          <column name="Family" value="Databases/DB Specifics/MySQL"/>
          <column name="Startable" value="false"/>
          <column name="SUBTREE_START" value="false"/>
          <column name="END_OF_FLOW" value="true"/>
          <column name="Activate" value="true"/>
          <column name="DUMMY" value="false"/>
          <column name="tStatCatcher Statistics" value="false"/>
          <column name="Help" value="org.talend.help.tMysqlOutput"/>
          <column name="Update components" value="true"/>
          <column name="IREPORT_PATH" value=""/>
          <column name="JAVA_LIBRARY_PATH" value="C:\Program Files (x86)\Talend-Studio\studio\configuration\lib\java"/>
          <column name="Subjob color" value=""/>
          <column name="Title color" value=""/>
          <column name="Enable parallel execution" value="false"/>
          <column name="Number of parallel executions" value="2"/>
          <column name="PARALLELIZE_KEEP_EMPTY" value="false"/>
          <column name="Property Type" value="repository: DB (MYSQL):StagingMySQL"/>
          <column name="DB Version" value="MYSQL_8"/>
          <column name="Use an existing connection" value="false"/>
          <column name="Component List" value=""/>
          <column name="Database Driver" value="MYSQL"/>
          <column name="Host" value="&quot;127.0.0.1&quot;"/>
          <column name="Port" value="&quot;3306&quot;"/>
          <column name="Database" value="&quot;food_inspections&quot;"/>
          <column name="Username" value="&quot;user2&quot;"/>
          <column name="Password" value="**********"/>
          <column name="Table" value="&quot;stg_ca_food_inspections&quot;"/>
          <column name="Action on table" value="DROP_IF_EXISTS_AND_CREATE"/>
          <column name="Action on data" value="INSERT"/>
          <column name="REPOSITORY_ALLOW_AUTO_SWITCH" value="true"/>
          <column name="Schema" value="Built-In"/>
          <column name="Reject Schema" value="Built-In"/>
          <column name="Specify a data source alias" value="false"/>
          <column name="Data source alias" value="&quot;&quot;"/>
          <column name="Die on error" value="false"/>
          <column name="Mapping" value="mysql_id"/>
          <column name="Additional JDBC Parameters" value="&quot;noDatetimeStringSync=true&amp;enabledTLSProtocols=TLSv1.2,TLSv1.1,TLSv1&quot;"/>
          <column name="Extend Insert" value="true"/>
          <column name="Number of rows per insert" value="100"/>
          <column name="Use Batch Size" value="true"/>
          <column name="Batch Size" value="10000"/>
          <column name="Encoding" value="&quot;ISO-8859-15&quot;"/>
          <column name="Commit every" value="10000"/>
          <column name="Additional columns" value="[]"/>
          <column name="Use field options" value="false"/>
          <column name="Field options" value="[{SCHEMA_COLUMN=BusinessId, UPDATE_KEY=false, DELETE_KEY=false, UPDATABLE=true, INSERTABLE=true}, {SCHEMA_COLUMN=Name, UPDATE_KEY=false, DELETE_KEY=false, UPDATABLE=true, INSERTABLE=true}, {SCHEMA_COLUMN=Address, UPDATE_KEY=false, DELETE_KEY=false, UPDATABLE=true, INSERTABLE=true}, {SCHEMA_COLUMN=City, UPDATE_KEY=false, DELETE_KEY=false, UPDATABLE=true, INSERTABLE=true}, {SCHEMA_COLUMN=State, UPDATE_KEY=false, DELETE_KEY=false, UPDATABLE=true, INSERTABLE=true}, {SCHEMA_COLUMN=ZipCode, UPDATE_KEY=false, DELETE_KEY=false, UPDATABLE=true, INSERTABLE=true}, {SCHEMA_COLUMN=PhoneNumber, UPDATE_KEY=false, DELETE_KEY=false, UPDATABLE=true, INSERTABLE=true}, {SCHEMA_COLUMN=InspectionId, UPDATE_KEY=false, DELETE_KEY=false, UPDATABLE=true, INSERTABLE=true}, {SCHEMA_COLUMN=Date, UPDATE_KEY=false, DELETE_KEY=false, UPDATABLE=true, INSERTABLE=true}, {SCHEMA_COLUMN=InspectionType, UPDATE_KEY=false, DELETE_KEY=false, UPDATABLE=true, INSERTABLE=true}, {SCHEMA_COLUMN=ViolationCodes, UPDATE_KEY=false, DELETE_KEY=false, UPDATABLE=true, INSERTABLE=true}, {SCHEMA_COLUMN=ViolationDesc, UPDATE_KEY=false, DELETE_KEY=false, UPDATABLE=true, INSERTABLE=true}, {SCHEMA_COLUMN=Location, UPDATE_KEY=false, DELETE_KEY=false, UPDATABLE=true, INSERTABLE=true}, {SCHEMA_COLUMN=DI_CreatedDate, UPDATE_KEY=false, DELETE_KEY=false, UPDATABLE=true, INSERTABLE=true}, {SCHEMA_COLUMN=DI_WorkflowFileName, UPDATE_KEY=false, DELETE_KEY=false, UPDATABLE=true, INSERTABLE=true}, {SCHEMA_COLUMN=DI_Workflow_ProcessID, UPDATE_KEY=false, DELETE_KEY=false, UPDATABLE=true, INSERTABLE=true}]"/>
          <column name="Use Hint Options" value="false"/>
          <column name="Hint Options" value="[]"/>
          <column name="Debug query mode" value="false"/>
          <column name="Use duplicate key update mode insert" value="false"/>
          <column name="DUPLICATED_KEYS" value="[]"/>
          <column name="Support null in &quot;SQL WHERE&quot; statement" value="false"/>
          <column name="Label format" value="StagingMySQL"/>
          <column name="Hint format" value="&lt;b&gt;__UNIQUE_NAME__&lt;/b&gt;&lt;br&gt;__COMMENT__"/>
          <column name="Connection format" value="row"/>
          <column name="Show Information" value="false"/>
          <column name="Comment" value=""/>
          <column name="Use an existing validation rule" value="false"/>
          <column name="Validation Rule Type" value=""/>
        </parameters>
        <schemas>
          <schema name="StagingSchema">
            <column name="BusinessId" key="false" type="String" length="9" precision="" nullable="true" comment=""/>
            <column name="Name" key="false" type="String" length="70" precision="" nullable="true" comment=""/>
            <column name="Address" key="false" type="String" length="40" precision="" nullable="true" comment=""/>
            <column name="City" key="false" type="String" length="20" precision="" nullable="true" comment=""/>
            <column name="State" key="false" type="String" length="2" precision="" nullable="true" comment=""/>
            <column name="ZipCode" key="false" type="String" length="10" precision="" nullable="true" comment=""/>
            <column name="PhoneNumber" key="false" type="String" length="12" precision="" nullable="true" comment=""/>
            <column name="InspectionId" key="false" type="String" length="9" precision="" nullable="true" comment=""/>
            <column name="Date" key="false" type="java.util.Date" length="" precision="" nullable="true" comment=""/>
            <column name="InspectionType" key="false" type="String" length="9" precision="" nullable="true" comment=""/>
            <column name="ViolationCodes" key="false" type="String" length="150" precision="" nullable="true" comment=""/>
            <column name="ViolationDesc" key="false" type="String" length="1200" precision="" nullable="true" comment=""/>
            <column name="Location" key="false" type="String" length="100" precision="" nullable="true" comment=""/>
            <column name="DI_CreatedDate" key="false" type="java.util.Date" length="" precision="" nullable="true" comment=""/>
            <column name="DI_WorkflowFileName" key="false" type="String" length="255" precision="" nullable="true" comment=""/>
            <column name="DI_Workflow_ProcessID" key="false" type="String" length="30" precision="" nullable="true" comment=""/>
          </schema>
        </schemas>
      </component>
      <component icon="pictures/tFileInputDelimited_1.png" uniqueName="tFileInputDelimited_1" label="__UNIQUE_NAME__">
        <input>none</input>
        <output link="tMap_1">tMap_1</output>
        <componentType>tFileInputDelimited</componentType>
        <parameters>
          <column name="Unique Name" value="tFileInputDelimited_1"/>
          <column name="Component Name" value="tFileInputDelimited"/>
          <column name="Version" value="0.102 (ALPHA)"/>
          <column name="Family" value="File/Input"/>
          <column name="Start" value="true"/>
          <column name="Startable" value="true"/>
          <column name="SUBTREE_START" value="true"/>
          <column name="END_OF_FLOW" value="false"/>
          <column name="Activate" value="true"/>
          <column name="DUMMY" value="false"/>
          <column name="tStatCatcher Statistics" value="false"/>
          <column name="Help" value="org.talend.help.tFileInputDelimited"/>
          <column name="Update components" value="true"/>
          <column name="IREPORT_PATH" value=""/>
          <column name="JAVA_LIBRARY_PATH" value="C:\Program Files (x86)\Talend-Studio\studio\configuration\lib\java"/>
          <column name="Subjob color" value=""/>
          <column name="Title color" value=""/>
          <column name="Enable parallel execution" value="false"/>
          <column name="Number of parallel executions" value="2"/>
          <column name="PARALLELIZE_KEEP_EMPTY" value="false"/>
          <column name="Property Type" value="Built-In"/>
          <column name="REPOSITORY_ALLOW_AUTO_SWITCH" value="true"/>
          <column name="Schema" value="Built-In"/>
          <column name="Use existing dynamic" value="false"/>
          <column name="Component List" value=""/>
          <column name="File name/Stream" value="&quot;C:/Users/gopig/Downloads/Food_Facility_Inspections.csv&quot;"/>
          <column name="CSV options" value="true"/>
          <column name="Row Separator" value="&quot;\n&quot;"/>
          <column name="CSV Row Separator" value="&quot;\n&quot;"/>
          <column name="Field Separator" value="&quot;,&quot;"/>
          <column name="Escape char" value="&quot;&quot;"/>
          <column name="Text enclosure" value="&quot;&quot;&quot;"/>
          <column name="Header" value="1"/>
          <column name="Footer" value="0"/>
          <column name="Limit" value=""/>
          <column name="Skip empty rows" value="true"/>
          <column name="Uncompress as zip file" value="false"/>
          <column name="Die on error" value="false"/>
          <column name="Schema" value="Built-In"/>
          <column name="Temporary directory" value="&quot;D:/Workspace/TalendWorkspace&quot;"/>
          <column name="Advanced separator (for numbers)" value="false"/>
          <column name="Thousands separator" value="&quot;,&quot;"/>
          <column name="Decimal separator" value="&quot;.&quot;"/>
          <column name="Extract lines at random" value="false"/>
          <column name="Number of lines" value="10"/>
          <column name="Trim all columns" value="false"/>
          <column name="Check column to trim" value="[{SCHEMA_COLUMN=BusinessId, TRIM=false}, {SCHEMA_COLUMN=Name, TRIM=false}, {SCHEMA_COLUMN=Address, TRIM=false}, {SCHEMA_COLUMN=City, TRIM=false}, {SCHEMA_COLUMN=State, TRIM=false}, {SCHEMA_COLUMN=ZipCode, TRIM=false}, {SCHEMA_COLUMN=PhoneNumber, TRIM=false}, {SCHEMA_COLUMN=InspectionId, TRIM=false}, {SCHEMA_COLUMN=Date, TRIM=false}, {SCHEMA_COLUMN=InspectionType, TRIM=false}, {SCHEMA_COLUMN=ViolationCodes, TRIM=false}, {SCHEMA_COLUMN=ViolationDesc, TRIM=false}, {SCHEMA_COLUMN=Location, TRIM=false}]"/>
          <column name="Check each row structure against schema" value="false"/>
          <column name="Check date" value="false"/>
          <column name="Encoding" value="&quot;ISO-8859-15&quot;"/>
          <column name="Split row before field" value="false"/>
          <column name="Permit hexadecimal (0xNNN) or octal (0NNNN) for numeric types (clear the check box to read Byte type as octal and hexadecimal numbers by default)" value="false"/>
          <column name="Decode table" value="[{SCHEMA_COLUMN=BusinessId, DECODE=false}, {SCHEMA_COLUMN=Name, DECODE=false}, {SCHEMA_COLUMN=Address, DECODE=false}, {SCHEMA_COLUMN=City, DECODE=false}, {SCHEMA_COLUMN=State, DECODE=false}, {SCHEMA_COLUMN=ZipCode, DECODE=false}, {SCHEMA_COLUMN=PhoneNumber, DECODE=false}, {SCHEMA_COLUMN=InspectionId, DECODE=false}, {SCHEMA_COLUMN=Date, DECODE=false}, {SCHEMA_COLUMN=InspectionType, DECODE=false}, {SCHEMA_COLUMN=ViolationCodes, DECODE=false}, {SCHEMA_COLUMN=ViolationDesc, DECODE=false}, {SCHEMA_COLUMN=Location, DECODE=false}]"/>
          <column name="Destination" value=""/>
          <column name="Use Header As Is" value="false"/>
          <column name="Min column number of optimize code" value="100"/>
          <column name="Label format" value="__UNIQUE_NAME__"/>
          <column name="Hint format" value="&lt;b&gt;__UNIQUE_NAME__&lt;/b&gt;&lt;br&gt;__COMMENT__"/>
          <column name="Connection format" value="row"/>
          <column name="Show Information" value="false"/>
          <column name="Comment" value=""/>
          <column name="Use an existing validation rule" value="false"/>
          <column name="Validation Rule Type" value=""/>
        </parameters>
        <schemas>
          <schema name="tFileInputDelimited_1">
            <column name="BusinessId" key="false" type="String" length="9" precision="" nullable="true" comment=""/>
            <column name="Name" key="false" type="String" length="70" precision="" nullable="true" comment=""/>
            <column name="Address" key="false" type="String" length="40" precision="" nullable="true" comment=""/>
            <column name="City" key="false" type="String" length="20" precision="" nullable="true" comment=""/>
            <column name="State" key="false" type="String" length="2" precision="" nullable="true" comment=""/>
            <column name="ZipCode" key="false" type="String" length="10" precision="" nullable="true" comment=""/>
            <column name="PhoneNumber" key="false" type="String" length="13" precision="" nullable="true" comment=""/>
            <column name="InspectionId" key="false" type="String" length="9" precision="" nullable="true" comment=""/>
            <column name="Date" key="false" type="java.util.Date" length="" precision="" nullable="true" comment=""/>
            <column name="InspectionType" key="false" type="String" length="9" precision="" nullable="true" comment=""/>
            <column name="ViolationCodes" key="false" type="String" length="150" precision="" nullable="true" comment=""/>
            <column name="ViolationDesc" key="false" type="String" length="1200" precision="" nullable="true" comment=""/>
            <column name="Location" key="false" type="String" length="100" precision="" nullable="true" comment=""/>
          </schema>
        </schemas>
      </component>
      <component icon="pictures/tLogRow_1.png" uniqueName="tLogRow_1" label="__UNIQUE_NAME__">
        <input link="tMap_1">tMap_1</input>
        <output>none</output>
        <componentType>tLogRow</componentType>
        <parameters>
          <column name="Unique Name" value="tLogRow_1"/>
          <column name="Component Name" value="tLogRow"/>
          <column name="Version" value="0.101 (ALPHA)"/>
          <column name="Family" value="Logs_Errors"/>
          <column name="Startable" value="false"/>
          <column name="SUBTREE_START" value="false"/>
          <column name="END_OF_FLOW" value="true"/>
          <column name="Activate" value="true"/>
          <column name="DUMMY" value="false"/>
          <column name="tStatCatcher Statistics" value="false"/>
          <column name="Help" value="org.talend.help.tLogRow"/>
          <column name="Update components" value="true"/>
          <column name="IREPORT_PATH" value=""/>
          <column name="JAVA_LIBRARY_PATH" value="C:\Program Files (x86)\Talend-Studio\studio\configuration\lib\java"/>
          <column name="Subjob color" value=""/>
          <column name="Title color" value=""/>
          <column name="Enable parallel execution" value="false"/>
          <column name="Number of parallel executions" value="2"/>
          <column name="PARALLELIZE_KEEP_EMPTY" value="false"/>
          <column name="REPOSITORY_ALLOW_AUTO_SWITCH" value="true"/>
          <column name="Schema" value="Built-In"/>
          <column name="Basic" value="false"/>
          <column name="Table (print values in cells of a table)" value="true"/>
          <column name="Vertical (each row is a key/value list)" value="false"/>
          <column name="Print unique name" value="true"/>
          <column name="Print label" value="false"/>
          <column name="Print unique name and label" value="false"/>
          <column name="Field Separator" value="&quot;|&quot;"/>
          <column name="Print header" value="false"/>
          <column name="Print component unique name in front of each output row" value="false"/>
          <column name="Print schema column name in front of each value" value="false"/>
          <column name="Use fixed length for values" value="false"/>
          <column name="Lengths" value="[{SCHEMA_COLUMN=BusinessId, LENGTH=10}, {SCHEMA_COLUMN=Name, LENGTH=10}, {SCHEMA_COLUMN=Address, LENGTH=10}, {SCHEMA_COLUMN=City, LENGTH=10}, {SCHEMA_COLUMN=State, LENGTH=10}, {SCHEMA_COLUMN=ZipCode, LENGTH=10}, {SCHEMA_COLUMN=PhoneNumber, LENGTH=10}, {SCHEMA_COLUMN=InspectionId, LENGTH=10}, {SCHEMA_COLUMN=Date, LENGTH=10}, {SCHEMA_COLUMN=InspectionType, LENGTH=10}, {SCHEMA_COLUMN=ViolationCodes, LENGTH=10}, {SCHEMA_COLUMN=ViolationDesc, LENGTH=10}, {SCHEMA_COLUMN=Location, LENGTH=10}, {SCHEMA_COLUMN=DI_CreatedDate, LENGTH=10}, {SCHEMA_COLUMN=DI_WorkflowFileName, LENGTH=10}, {SCHEMA_COLUMN=DI_Workflow_ProcessID, LENGTH=10}]"/>
          <column name="Print content with log4j" value="true"/>
          <column name="Min column number of optimize code" value="100"/>
          <column name="Label format" value="__UNIQUE_NAME__"/>
          <column name="Hint format" value="&lt;b&gt;__UNIQUE_NAME__&lt;/b&gt;&lt;br&gt;__COMMENT__"/>
          <column name="Connection format" value="row"/>
          <column name="Show Information" value="false"/>
          <column name="Comment" value=""/>
          <column name="Use an existing validation rule" value="false"/>
          <column name="Validation Rule Type" value=""/>
        </parameters>
        <schemas>
          <schema name="tLogRow_1">
            <column name="BusinessId" key="false" type="String" length="9" precision="" nullable="true" comment=""/>
            <column name="Name" key="false" type="String" length="70" precision="" nullable="true" comment=""/>
            <column name="Address" key="false" type="String" length="40" precision="" nullable="true" comment=""/>
            <column name="City" key="false" type="String" length="20" precision="" nullable="true" comment=""/>
            <column name="State" key="false" type="String" length="2" precision="" nullable="true" comment=""/>
            <column name="ZipCode" key="false" type="String" length="10" precision="" nullable="true" comment=""/>
            <column name="PhoneNumber" key="false" type="String" length="13" precision="" nullable="true" comment=""/>
            <column name="InspectionId" key="false" type="String" length="9" precision="" nullable="true" comment=""/>
            <column name="Date" key="false" type="java.util.Date" length="" precision="" nullable="true" comment=""/>
            <column name="InspectionType" key="false" type="String" length="9" precision="" nullable="true" comment=""/>
            <column name="ViolationCodes" key="false" type="String" length="150" precision="" nullable="true" comment=""/>
            <column name="ViolationDesc" key="false" type="String" length="255" precision="" nullable="true" comment=""/>
            <column name="Location" key="false" type="String" length="100" precision="" nullable="true" comment=""/>
            <column name="DI_CreatedDate" key="false" type="java.util.Date" length="" precision="" nullable="true" comment=""/>
            <column name="DI_WorkflowFileName" key="false" type="String" length="255" precision="" nullable="true" comment=""/>
            <column name="DI_Workflow_ProcessID" key="false" type="String" length="30" precision="" nullable="true" comment=""/>
          </schema>
        </schemas>
      </component>
    </internalNodeComponents>
    <externalNodeComponents>
      <component icon="pictures/tMap_1.png" uniqueName="tMap_1" label="__UNIQUE_NAME__" preview="pictures/external_preview_tMap_1.png">
        <input link="tFileInputDelimited_1">tFileInputDelimited_1</input>
        <output link="tLogRow_1">tLogRow_1</output>
        <output link="tDBOutput_1">tDBOutput_1</output>
        <componentType>tMap</componentType>
        <!--tMap_1-->
      </component>
    </externalNodeComponents>
    <connections>
      <connection label="row1" lineStyle="0" metaname="tFileInputDelimited_1" offsetLabelX="0" offsetLabelY="0" source="tFileInputDelimited_1" target="tMap_1"/>
      <connection label="tOut1" lineStyle="0" metaname="tOut1" offsetLabelX="0" offsetLabelY="0" source="tMap_1" target="tLogRow_1"/>
      <connection label="LocalStagingSchema" lineStyle="0" metaname="LocalStagingSchema" offsetLabelX="0" offsetLabelY="0" source="tMap_1" target="tDBOutput_1"/>
    </connections>
  </job>
</project>
