<?xml version="1.1" encoding="UTF-8"?>

<project i18n.job.generated.documetation="Generated documentation" i18n.job.project.name="Project Name" i18n.job.generated.date="GENERATION DATE" i18n.job.author="AUTHOR" i18n.job.summary="Summary" i18n.job.project.description="Project Description" i18n.job.job.description="Description" i18n.job.job.preview.picture="Preview Picture" i18n.job.job.setting="Settings" i18n.job.context.list="Context List" i18n.job.component.list="Component List" i18n.job.components.description="Components Description" i18n.job.source.code="Source Code" i18n.job.properties="Properties" i18n.job.values="Values" i18n.job.name="Name" i18n.job.language="Language" i18n.job.description="Description" i18n.job.author.min="Author" i18n.job.version="Version" i18n.job.purpose="Purpose" i18n.job.status="Status" i18n.job.creation="Creation" i18n.job.modification="Modification" i18n.job.extract.settings="Extra settings" i18n.job.value="Value" i18n.job.stats.logs="Status &amp; Logs" i18n.job.context="Context" i18n.job.promt="Prompt" i18n.job.need.promt="Need Prompt?" i18n.job.type="Type" i18n.job.source="Source" i18n.job.component.name="Component Name" i18n.job.component.type="Component Type" i18n.job.component="Component" i18n.job.unique.name="UNIQUE NAME" i18n.job.input="INPUT(S)" i18n.job.label="LABEL" i18n.job.output="OUTPUT(S)" i18n.job.component.parameters="Component Parameters:" i18n.job.schema.for="Schema for " i18n.job.column="Column" i18n.job.key="Key" i18n.job.length="Length" i18n.job.precision="Precision" i18n.job.nullable="Nullable" i18n.job.comment="Comment" i18n.job.original.function.parameters="Original Function Parameters:" i18n.job.ended="ended" i18n.job.content="content" i18n.route.manifest.type="Type" i18n.route.manifest.value="Value" i18n.route.resource.name="Name" i18n.route.resource.version="Version" i18n.route.resource.path="Path" name="damg_midproject" logo="pictures/logo.jpg" title="Generated by Talend Cloud Data Fabric" link="http://www.talend.com" language="java" generatedDate="Oct 22, 2023, 11:56:37 PM" versionName="Talend Cloud VERSION " version="8.0.1.20230913_0925-patch" docType="Jobs" company="">
  <pro-description><![CDATA[]]></pro-description>
  <job name="Dim_Violation" author="gorle.g@northeastern.edu" i18n.job.extract.settings.type="i18n.job.extract.settings" i18n.job.stats.logs.type="i18n.job.stats.logs" version="0.1" purpose="Job to load the Violation Dimension" status="" creation="Oct 22, 2023, 2:31:25 PM" modification="Oct 22, 2023, 11:46:28 PM">
    <description><![CDATA[Job to load the Violation Dimension - all columns<br/>]]></description>
    <preview picture="pictures/Dim_Violation_0.1.png"/>
    <contextList>
      <context name="Default"/>
    </contextList>
    <jobSetting>
      <extra>
        <jobParameter name="COMP_DEFAULT_FILE_DIR" value=""/>
        <jobParameter name="Multi thread execution" value="false"/>
        <jobParameter name="Implicit tContextLoad" value="false"/>
      </extra>
      <Statslogs>
        <jobParameter name="Use statistics (tStatCatcher)" value="false"/>
        <jobParameter name="Use logs (tLogCatcher)" value="false"/>
        <jobParameter name="Use volumetrics (tFlowMeterCatcher)" value="false"/>
        <jobParameter name="On Console" value="false"/>
        <jobParameter name="On Files" value="false"/>
        <jobParameter name="On Databases" value="false"/>
        <jobParameter name="Catch components statistics" value="false"/>
        <jobParameter name="Catch runtime errors" value="true"/>
        <jobParameter name="Catch user errors" value="true"/>
        <jobParameter name="Catch user warnings" value="true"/>
      </Statslogs>
    </jobSetting>
    <componentList>
      <componentItem name="tDBInput_1" link="tDBInput_1" type="tMysqlInput" leftTopX="224" leftTopY="192" rightBottomX="256" rightBottomY="224"/>
      <componentItem name="tDBOutput_1" link="tDBOutput_1" type="tMysqlOutput" leftTopX="864" leftTopY="384" rightBottomX="896" rightBottomY="416"/>
      <componentItem name="tHashInput_1" link="tHashInput_1" type="tHashInput" leftTopX="224" leftTopY="384" rightBottomX="256" rightBottomY="416"/>
      <componentItem name="tHashInput_2" link="tHashInput_2" type="tHashInput" leftTopX="384" leftTopY="544" rightBottomX="416" rightBottomY="576"/>
      <componentItem name="tHashOutput_1" link="tHashOutput_1" type="tHashOutput" leftTopX="736" leftTopY="32" rightBottomX="768" rightBottomY="64"/>
      <componentItem name="tHashOutput_2" link="tHashOutput_2" type="tHashOutput" leftTopX="864" leftTopY="128" rightBottomX="896" rightBottomY="160"/>
      <componentItem name="tMap_1" link="tMap_1" type="tMap" leftTopX="416" leftTopY="192" rightBottomX="448" rightBottomY="224"/>
      <componentItem name="tMap_3" link="tMap_3" type="tMap" leftTopX="384" leftTopY="384" rightBottomX="416" rightBottomY="416"/>
      <componentItem name="tNormalize_1" link="tNormalize_1" type="tNormalize" leftTopX="576" leftTopY="32" rightBottomX="608" rightBottomY="64"/>
      <componentItem name="tNormalize_2" link="tNormalize_2" type="tNormalize" leftTopX="704" leftTopY="128" rightBottomX="736" rightBottomY="160"/>
      <componentItem name="tUniqRow_1" link="tUniqRow_1" type="tUniqRow" leftTopX="608" leftTopY="384" rightBottomX="640" rightBottomY="416"/>
    </componentList>
    <internalNodeComponents>
      <component icon="pictures/tDBInput_1.png" uniqueName="tDBInput_1" label="StagingMySQL">
        <input>none</input>
        <output link="tMap_1">tMap_1</output>
        <output link="tHashInput_1">tHashInput_1</output>
        <componentType>tMysqlInput</componentType>
        <parameters>
          <column name="Database" value="tMysqlInput"/>
          <column name="Unique Name" value="tDBInput_1"/>
          <column name="Component Name" value="tMysqlInput"/>
          <column name="Version" value="0.102 (ALPHA)"/>
          <column name="Family" value="Databases/DB Specifics/MySQL"/>
          <column name="Start" value="true"/>
          <column name="Startable" value="true"/>
          <column name="SUBTREE_START" value="true"/>
          <column name="END_OF_FLOW" value="false"/>
          <column name="Activate" value="true"/>
          <column name="DUMMY" value="false"/>
          <column name="tStatCatcher Statistics" value="false"/>
          <column name="Help" value="org.talend.help.tMysqlInput"/>
          <column name="Update components" value="true"/>
          <column name="IREPORT_PATH" value=""/>
          <column name="JAVA_LIBRARY_PATH" value="C:\Program Files (x86)\Talend-Studio\studio\configuration\lib\java"/>
          <column name="Subjob color" value=""/>
          <column name="Title color" value=""/>
          <column name="Enable parallel execution" value="false"/>
          <column name="Number of parallel executions" value="2"/>
          <column name="PARALLELIZE_KEEP_EMPTY" value="false"/>
          <column name="Property Type" value="repository: DB (MYSQL):StagingMySQL"/>
          <column name="DB Version" value="MYSQL_8"/>
          <column name="Use an existing connection" value="false"/>
          <column name="Component List" value=""/>
          <column name="Host" value="&quot;127.0.0.1&quot;"/>
          <column name="Port" value="&quot;3306&quot;"/>
          <column name="Database" value="&quot;food_inspections&quot;"/>
          <column name="Database Driver" value="MYSQL"/>
          <column name="Username" value="&quot;user2&quot;"/>
          <column name="Password" value="**********"/>
          <column name="REPOSITORY_ALLOW_AUTO_SWITCH" value="true"/>
          <column name="Schema" value="Built-In"/>
          <column name="Table Name" value="&quot;stg_ca_food_inspections&quot;"/>
          <column name="Query Type" value="Built-In"/>
          <column name="Guess Schema" value="&quot;&quot;"/>
          <column name="Query" value="&quot;SELECT * FROM food_inspections.stg_ca_food_inspections;&quot;"/>
          <column name="Specify a data source alias" value="false"/>
          <column name="Data source alias" value="&quot;&quot;"/>
          <column name="Mapping" value="mysql_id"/>
          <column name="Additional JDBC Parameters" value="&quot;noDatetimeStringSync=true&amp;enabledTLSProtocols=TLSv1.2,TLSv1.1,TLSv1&quot;"/>
          <column name="Encoding" value="&quot;ISO-8859-15&quot;"/>
          <column name="Enable stream" value="false"/>
          <column name="Trim all the String/Char columns" value="false"/>
          <column name="Trim column" value="[{SCHEMA_COLUMN=BusinessId, TRIM=false}, {SCHEMA_COLUMN=Name, TRIM=false}, {SCHEMA_COLUMN=Address, TRIM=false}, {SCHEMA_COLUMN=City, TRIM=false}, {SCHEMA_COLUMN=State, TRIM=false}, {SCHEMA_COLUMN=ZipCode, TRIM=false}, {SCHEMA_COLUMN=PhoneNumber, TRIM=false}, {SCHEMA_COLUMN=InspectionId, TRIM=false}, {SCHEMA_COLUMN=Date, TRIM=false}, {SCHEMA_COLUMN=InspectionType, TRIM=false}, {SCHEMA_COLUMN=ViolationCodes, TRIM=false}, {SCHEMA_COLUMN=ViolationDesc, TRIM=false}, {SCHEMA_COLUMN=Location, TRIM=false}, {SCHEMA_COLUMN=DI_CreatedDate, TRIM=false}, {SCHEMA_COLUMN=DI_WorkflowFileName, TRIM=false}, {SCHEMA_COLUMN=DI_Workflow_ProcessID, TRIM=false}]"/>
          <column name="Label format" value="StagingMySQL"/>
          <column name="Hint format" value="&lt;b&gt;__UNIQUE_NAME__&lt;/b&gt;&lt;br&gt;__COMMENT__"/>
          <column name="Connection format" value="row"/>
          <column name="Show Information" value="false"/>
          <column name="Comment" value=""/>
          <column name="Use an existing validation rule" value="false"/>
          <column name="Validation Rule Type" value=""/>
        </parameters>
        <schemas>
          <schema name="tDBInput_1">
            <column name="BusinessId" key="false" type="String" length="9" precision="" nullable="true" comment=""/>
            <column name="Name" key="false" type="String" length="70" precision="" nullable="true" comment=""/>
            <column name="Address" key="false" type="String" length="40" precision="" nullable="true" comment=""/>
            <column name="City" key="false" type="String" length="20" precision="" nullable="true" comment=""/>
            <column name="State" key="false" type="String" length="2" precision="" nullable="true" comment=""/>
            <column name="ZipCode" key="false" type="String" length="10" precision="" nullable="true" comment=""/>
            <column name="PhoneNumber" key="false" type="String" length="12" precision="" nullable="true" comment=""/>
            <column name="InspectionId" key="false" type="String" length="9" precision="" nullable="true" comment=""/>
            <column name="Date" key="false" type="java.util.Date" length="19" precision="" nullable="true" comment=""/>
            <column name="InspectionType" key="false" type="String" length="9" precision="" nullable="true" comment=""/>
            <column name="ViolationCodes" key="false" type="String" length="150" precision="" nullable="true" comment=""/>
            <column name="ViolationDesc" key="false" type="String" length="1200" precision="" nullable="true" comment=""/>
            <column name="Location" key="false" type="String" length="100" precision="" nullable="true" comment=""/>
            <column name="DI_CreatedDate" key="false" type="java.util.Date" length="19" precision="" nullable="true" comment=""/>
            <column name="DI_WorkflowFileName" key="false" type="String" length="255" precision="" nullable="true" comment=""/>
            <column name="DI_Workflow_ProcessID" key="false" type="String" length="30" precision="" nullable="true" comment=""/>
          </schema>
        </schemas>
      </component>
      <component icon="pictures/tDBOutput_1.png" uniqueName="tDBOutput_1" label="ProcessingMySQL">
        <input link="tUniqRow_1">tUniqRow_1</input>
        <output>none</output>
        <componentType>tMysqlOutput</componentType>
        <parameters>
          <column name="Database" value="tMysqlOutput"/>
          <column name="Unique Name" value="tDBOutput_1"/>
          <column name="Component Name" value="tMysqlOutput"/>
          <column name="Version" value="0.102 (ALPHA)"/>
          <column name="Family" value="Databases/DB Specifics/MySQL"/>
          <column name="Startable" value="false"/>
          <column name="SUBTREE_START" value="false"/>
          <column name="END_OF_FLOW" value="true"/>
          <column name="Activate" value="true"/>
          <column name="DUMMY" value="false"/>
          <column name="tStatCatcher Statistics" value="false"/>
          <column name="Help" value="org.talend.help.tMysqlOutput"/>
          <column name="Update components" value="true"/>
          <column name="IREPORT_PATH" value=""/>
          <column name="JAVA_LIBRARY_PATH" value="C:\Program Files (x86)\Talend-Studio\studio\configuration\lib\java"/>
          <column name="Subjob color" value=""/>
          <column name="Title color" value=""/>
          <column name="Enable parallel execution" value="false"/>
          <column name="Number of parallel executions" value="2"/>
          <column name="PARALLELIZE_KEEP_EMPTY" value="false"/>
          <column name="Property Type" value="repository: DB (MYSQL):ProcessingMySQL"/>
          <column name="DB Version" value="MYSQL_8"/>
          <column name="Use an existing connection" value="false"/>
          <column name="Component List" value=""/>
          <column name="Database Driver" value="MYSQL"/>
          <column name="Host" value="&quot;127.0.0.1&quot;"/>
          <column name="Port" value="&quot;3306&quot;"/>
          <column name="Database" value="&quot;food_inspections&quot;"/>
          <column name="Username" value="&quot;user2&quot;"/>
          <column name="Password" value="**********"/>
          <column name="Table" value="&quot;dim_violation&quot;"/>
          <column name="Action on table" value="DROP_IF_EXISTS_AND_CREATE"/>
          <column name="Action on data" value="INSERT"/>
          <column name="REPOSITORY_ALLOW_AUTO_SWITCH" value="true"/>
          <column name="Schema" value="Built-In"/>
          <column name="Reject Schema" value="Built-In"/>
          <column name="Specify a data source alias" value="false"/>
          <column name="Data source alias" value="&quot;&quot;"/>
          <column name="Die on error" value="false"/>
          <column name="Mapping" value="mysql_id"/>
          <column name="Additional JDBC Parameters" value="&quot;noDatetimeStringSync=true&amp;enabledTLSProtocols=TLSv1.2,TLSv1.1,TLSv1&quot;"/>
          <column name="Extend Insert" value="true"/>
          <column name="Number of rows per insert" value="100"/>
          <column name="Use Batch Size" value="true"/>
          <column name="Batch Size" value="10000"/>
          <column name="Encoding" value="&quot;ISO-8859-15&quot;"/>
          <column name="Commit every" value="10000"/>
          <column name="Additional columns" value="[]"/>
          <column name="Use field options" value="false"/>
          <column name="Field options" value="[{SCHEMA_COLUMN=Violation_ID, UPDATE_KEY=false, DELETE_KEY=false, UPDATABLE=true, INSERTABLE=true}, {SCHEMA_COLUMN=Violation_Code, UPDATE_KEY=false, DELETE_KEY=false, UPDATABLE=true, INSERTABLE=true}, {SCHEMA_COLUMN=Violation_Code_Uncleaned, UPDATE_KEY=false, DELETE_KEY=false, UPDATABLE=true, INSERTABLE=true}, {SCHEMA_COLUMN=Violation_Category, UPDATE_KEY=false, DELETE_KEY=false, UPDATABLE=true, INSERTABLE=true}, {SCHEMA_COLUMN=Code_Score, UPDATE_KEY=false, DELETE_KEY=false, UPDATABLE=true, INSERTABLE=true}, {SCHEMA_COLUMN=Violation_Desc, UPDATE_KEY=false, DELETE_KEY=false, UPDATABLE=true, INSERTABLE=true}]"/>
          <column name="Use Hint Options" value="false"/>
          <column name="Hint Options" value="[]"/>
          <column name="Debug query mode" value="false"/>
          <column name="Use duplicate key update mode insert" value="false"/>
          <column name="DUPLICATED_KEYS" value="[]"/>
          <column name="Support null in &quot;SQL WHERE&quot; statement" value="false"/>
          <column name="Label format" value="ProcessingMySQL"/>
          <column name="Hint format" value="&lt;b&gt;__UNIQUE_NAME__&lt;/b&gt;&lt;br&gt;__COMMENT__"/>
          <column name="Connection format" value="row"/>
          <column name="Show Information" value="false"/>
          <column name="Comment" value=""/>
          <column name="Use an existing validation rule" value="false"/>
          <column name="Validation Rule Type" value=""/>
        </parameters>
        <schemas>
          <schema name="ViolationCode_Desc">
            <column name="Violation_ID" key="true" type="Integer" length="" precision="" nullable="true" comment=""/>
            <column name="Violation_Code" key="false" type="String" length="20" precision="" nullable="true" comment=""/>
            <column name="Violation_Code_Uncleaned" key="false" type="String" length="20" precision="" nullable="true" comment=""/>
            <column name="Violation_Category" key="false" type="String" length="8" precision="" nullable="true" comment=""/>
            <column name="Code_Score" key="false" type="Integer" length="" precision="" nullable="true" comment=""/>
            <column name="Violation_Desc" key="false" type="String" length="400" precision="" nullable="true" comment=""/>
          </schema>
        </schemas>
      </component>
      <component icon="pictures/tHashInput_1.png" uniqueName="tHashInput_1" label="__UNIQUE_NAME__">
        <input link="tDBInput_1">tDBInput_1</input>
        <output link="tMap_3">tMap_3</output>
        <componentType>tHashInput</componentType>
        <parameters>
          <column name="Unique Name" value="tHashInput_1"/>
          <column name="Component Name" value="tHashInput"/>
          <column name="Version" value="0.102 (ALPHA)"/>
          <column name="Family" value="Technical"/>
          <column name="Start" value="false"/>
          <column name="Startable" value="true"/>
          <column name="SUBTREE_START" value="true"/>
          <column name="END_OF_FLOW" value="false"/>
          <column name="Activate" value="true"/>
          <column name="DUMMY" value="false"/>
          <column name="tStatCatcher Statistics" value="false"/>
          <column name="Help" value="org.talend.help.Hash"/>
          <column name="Update components" value="true"/>
          <column name="IREPORT_PATH" value=""/>
          <column name="JAVA_LIBRARY_PATH" value="C:\Program Files (x86)\Talend-Studio\studio\configuration\lib\java"/>
          <column name="Subjob color" value=""/>
          <column name="Title color" value=""/>
          <column name="Enable parallel execution" value="false"/>
          <column name="Number of parallel executions" value="2"/>
          <column name="PARALLELIZE_KEEP_EMPTY" value="false"/>
          <column name="REPOSITORY_ALLOW_AUTO_SWITCH" value="true"/>
          <column name="Schema" value="Built-In"/>
          <column name="Link with a tHashOutput" value="true"/>
          <column name="Component list" value="tHashOutput_1"/>
          <column name="Data from file" value="&quot;D:/Workspace/TalendWorkspace/in.hash&quot;"/>
          <column name="Clear cache after reading" value="false"/>
          <column name="Label format" value="__UNIQUE_NAME__"/>
          <column name="Hint format" value="&lt;b&gt;__UNIQUE_NAME__&lt;/b&gt;&lt;br&gt;__COMMENT__"/>
          <column name="Connection format" value="row"/>
          <column name="Show Information" value="false"/>
          <column name="Comment" value=""/>
          <column name="Use an existing validation rule" value="false"/>
          <column name="Validation Rule Type" value=""/>
        </parameters>
        <schemas>
          <schema name="tHashInput_1">
            <column name="ViolationCodes" key="false" type="String" length="150" precision="" nullable="true" comment=""/>
            <column name="Violation_ID" key="false" type="Integer" length="" precision="" nullable="true" comment=""/>
          </schema>
        </schemas>
      </component>
      <component icon="pictures/tHashInput_2.png" uniqueName="tHashInput_2" label="__UNIQUE_NAME__">
        <input>none</input>
        <output link="tMap_3">tMap_3</output>
        <componentType>tHashInput</componentType>
        <parameters>
          <column name="Unique Name" value="tHashInput_2"/>
          <column name="Component Name" value="tHashInput"/>
          <column name="Version" value="0.102 (ALPHA)"/>
          <column name="Family" value="Technical"/>
          <column name="Start" value="false"/>
          <column name="Startable" value="true"/>
          <column name="SUBTREE_START" value="false"/>
          <column name="END_OF_FLOW" value="false"/>
          <column name="Activate" value="true"/>
          <column name="DUMMY" value="false"/>
          <column name="tStatCatcher Statistics" value="false"/>
          <column name="Help" value="org.talend.help.Hash"/>
          <column name="Update components" value="true"/>
          <column name="IREPORT_PATH" value=""/>
          <column name="JAVA_LIBRARY_PATH" value="C:\Program Files (x86)\Talend-Studio\studio\configuration\lib\java"/>
          <column name="Subjob color" value=""/>
          <column name="Title color" value=""/>
          <column name="Enable parallel execution" value="false"/>
          <column name="Number of parallel executions" value="2"/>
          <column name="PARALLELIZE_KEEP_EMPTY" value="false"/>
          <column name="REPOSITORY_ALLOW_AUTO_SWITCH" value="true"/>
          <column name="Schema" value="Built-In"/>
          <column name="Link with a tHashOutput" value="true"/>
          <column name="Component list" value="tHashOutput_2"/>
          <column name="Data from file" value="&quot;D:/Workspace/TalendWorkspace/in.hash&quot;"/>
          <column name="Clear cache after reading" value="false"/>
          <column name="Label format" value="__UNIQUE_NAME__"/>
          <column name="Hint format" value="&lt;b&gt;__UNIQUE_NAME__&lt;/b&gt;&lt;br&gt;__COMMENT__"/>
          <column name="Connection format" value="row"/>
          <column name="Show Information" value="false"/>
          <column name="Comment" value=""/>
          <column name="Use an existing validation rule" value="false"/>
          <column name="Validation Rule Type" value=""/>
        </parameters>
        <schemas>
          <schema name="tHashInput_2">
            <column name="ViolationDesc" key="false" type="String" length="1200" precision="" nullable="true" comment=""/>
            <column name="Violation_ID" key="false" type="Integer" length="9" precision="" nullable="true" comment=""/>
          </schema>
        </schemas>
      </component>
      <component icon="pictures/tHashOutput_1.png" uniqueName="tHashOutput_1" label="__UNIQUE_NAME__">
        <input link="tNormalize_1">tNormalize_1</input>
        <output>none</output>
        <componentType>tHashOutput</componentType>
        <parameters>
          <column name="Unique Name" value="tHashOutput_1"/>
          <column name="Component Name" value="tHashOutput"/>
          <column name="Version" value="0.101 (ALPHA)"/>
          <column name="Family" value="Technical"/>
          <column name="Startable" value="false"/>
          <column name="SUBTREE_START" value="false"/>
          <column name="END_OF_FLOW" value="true"/>
          <column name="Activate" value="true"/>
          <column name="DUMMY" value="false"/>
          <column name="tStatCatcher Statistics" value="false"/>
          <column name="Help" value="org.talend.help.Hash"/>
          <column name="Update components" value="true"/>
          <column name="IREPORT_PATH" value=""/>
          <column name="JAVA_LIBRARY_PATH" value="C:\Program Files (x86)\Talend-Studio\studio\configuration\lib\java"/>
          <column name="Subjob color" value=""/>
          <column name="Title color" value=""/>
          <column name="Enable parallel execution" value="false"/>
          <column name="Number of parallel executions" value="2"/>
          <column name="PARALLELIZE_KEEP_EMPTY" value="false"/>
          <column name="REPOSITORY_ALLOW_AUTO_SWITCH" value="true"/>
          <column name="Schema" value="Built-In"/>
          <column name="Link with a tHashOutput" value="false"/>
          <column name="Component list" value=""/>
          <column name="Data write model" value="MEMORY"/>
          <column name="File to persist data" value="&quot;D:/Workspace/TalendWorkspace/in.hash&quot;"/>
          <column name="Max memory heap size(MB)" value="2"/>
          <column name="Keys management" value="KEEP_ALL"/>
          <column name="Append" value="true"/>
          <column name="hash key from input connector" value="false"/>
          <column name="Label format" value="__UNIQUE_NAME__"/>
          <column name="Hint format" value="&lt;b&gt;__UNIQUE_NAME__&lt;/b&gt;&lt;br&gt;__COMMENT__"/>
          <column name="Connection format" value="row"/>
          <column name="Show Information" value="false"/>
          <column name="Comment" value=""/>
          <column name="Use an existing validation rule" value="false"/>
          <column name="Validation Rule Type" value=""/>
        </parameters>
        <schemas>
          <schema name="ViolationCode">
            <column name="ViolationCodes" key="false" type="String" length="150" precision="" nullable="true" comment=""/>
            <column name="Violation_ID" key="false" type="Integer" length="" precision="" nullable="true" comment=""/>
          </schema>
        </schemas>
      </component>
      <component icon="pictures/tHashOutput_2.png" uniqueName="tHashOutput_2" label="__UNIQUE_NAME__">
        <input link="tNormalize_2">tNormalize_2</input>
        <output>none</output>
        <componentType>tHashOutput</componentType>
        <parameters>
          <column name="Unique Name" value="tHashOutput_2"/>
          <column name="Component Name" value="tHashOutput"/>
          <column name="Version" value="0.101 (ALPHA)"/>
          <column name="Family" value="Technical"/>
          <column name="Startable" value="false"/>
          <column name="SUBTREE_START" value="false"/>
          <column name="END_OF_FLOW" value="true"/>
          <column name="Activate" value="true"/>
          <column name="DUMMY" value="false"/>
          <column name="tStatCatcher Statistics" value="false"/>
          <column name="Help" value="org.talend.help.Hash"/>
          <column name="Update components" value="true"/>
          <column name="IREPORT_PATH" value=""/>
          <column name="JAVA_LIBRARY_PATH" value="C:\Program Files (x86)\Talend-Studio\studio\configuration\lib\java"/>
          <column name="Subjob color" value=""/>
          <column name="Title color" value=""/>
          <column name="Enable parallel execution" value="false"/>
          <column name="Number of parallel executions" value="2"/>
          <column name="PARALLELIZE_KEEP_EMPTY" value="false"/>
          <column name="REPOSITORY_ALLOW_AUTO_SWITCH" value="true"/>
          <column name="Schema" value="Built-In"/>
          <column name="Link with a tHashOutput" value="false"/>
          <column name="Component list" value=""/>
          <column name="Data write model" value="MEMORY"/>
          <column name="File to persist data" value="&quot;D:/Workspace/TalendWorkspace/in.hash&quot;"/>
          <column name="Max memory heap size(MB)" value="2"/>
          <column name="Keys management" value="KEEP_ALL"/>
          <column name="Append" value="true"/>
          <column name="hash key from input connector" value="false"/>
          <column name="Label format" value="__UNIQUE_NAME__"/>
          <column name="Hint format" value="&lt;b&gt;__UNIQUE_NAME__&lt;/b&gt;&lt;br&gt;__COMMENT__"/>
          <column name="Connection format" value="row"/>
          <column name="Show Information" value="false"/>
          <column name="Comment" value=""/>
          <column name="Use an existing validation rule" value="false"/>
          <column name="Validation Rule Type" value=""/>
        </parameters>
        <schemas>
          <schema name="ViolationDesc">
            <column name="ViolationDesc" key="false" type="String" length="1200" precision="" nullable="true" comment=""/>
            <column name="Violation_ID" key="false" type="Integer" length="9" precision="" nullable="true" comment=""/>
          </schema>
        </schemas>
      </component>
      <component icon="pictures/tNormalize_1.png" uniqueName="tNormalize_1" label="__UNIQUE_NAME__">
        <input link="tMap_1">tMap_1</input>
        <output link="tHashOutput_1">tHashOutput_1</output>
        <componentType>tNormalize</componentType>
        <parameters>
          <column name="Unique Name" value="tNormalize_1"/>
          <column name="Component Name" value="tNormalize"/>
          <column name="Version" value="0.101 (ALPHA)"/>
          <column name="Family" value="Processing/Fields"/>
          <column name="Startable" value="false"/>
          <column name="SUBTREE_START" value="false"/>
          <column name="END_OF_FLOW" value="false"/>
          <column name="Activate" value="true"/>
          <column name="DUMMY" value="false"/>
          <column name="tStatCatcher Statistics" value="false"/>
          <column name="Help" value="org.talend.help.tNormalize"/>
          <column name="Update components" value="true"/>
          <column name="IREPORT_PATH" value=""/>
          <column name="JAVA_LIBRARY_PATH" value="C:\Program Files (x86)\Talend-Studio\studio\configuration\lib\java"/>
          <column name="Subjob color" value=""/>
          <column name="Title color" value=""/>
          <column name="Enable parallel execution" value="false"/>
          <column name="Number of parallel executions" value="2"/>
          <column name="PARALLELIZE_KEEP_EMPTY" value="false"/>
          <column name="REPOSITORY_ALLOW_AUTO_SWITCH" value="true"/>
          <column name="Schema" value="Built-In"/>
          <column name="Column to normalize" value="ViolationCodes"/>
          <column name="Item separator" value="&quot;\\|&quot;"/>
          <column name="Get rid of duplicate rows from output" value="false"/>
          <column name="Use CSV parameters" value="false"/>
          <column name="Escape mode" value="ESCAPE_MODE_DOUBLED"/>
          <column name="Text enclosure" value="&quot;\&quot;&quot;"/>
          <column name="Discard the trailing empty strings" value="false"/>
          <column name="Trim resulting values" value="false"/>
          <column name="Label format" value="__UNIQUE_NAME__"/>
          <column name="Hint format" value="&lt;b&gt;__UNIQUE_NAME__&lt;/b&gt;&lt;br&gt;__COMMENT__"/>
          <column name="Connection format" value="row"/>
          <column name="Show Information" value="false"/>
          <column name="Comment" value=""/>
          <column name="Use an existing validation rule" value="false"/>
          <column name="Validation Rule Type" value=""/>
        </parameters>
        <schemas>
          <schema name="ViolationCode">
            <column name="ViolationCodes" key="false" type="String" length="150" precision="" nullable="true" comment=""/>
            <column name="Violation_ID" key="false" type="Integer" length="" precision="" nullable="true" comment=""/>
          </schema>
        </schemas>
      </component>
      <component icon="pictures/tNormalize_2.png" uniqueName="tNormalize_2" label="__UNIQUE_NAME__">
        <input link="tMap_1">tMap_1</input>
        <output link="tHashOutput_2">tHashOutput_2</output>
        <componentType>tNormalize</componentType>
        <parameters>
          <column name="Unique Name" value="tNormalize_2"/>
          <column name="Component Name" value="tNormalize"/>
          <column name="Version" value="0.101 (ALPHA)"/>
          <column name="Family" value="Processing/Fields"/>
          <column name="Startable" value="false"/>
          <column name="SUBTREE_START" value="false"/>
          <column name="END_OF_FLOW" value="false"/>
          <column name="Activate" value="true"/>
          <column name="DUMMY" value="false"/>
          <column name="tStatCatcher Statistics" value="false"/>
          <column name="Help" value="org.talend.help.tNormalize"/>
          <column name="Update components" value="true"/>
          <column name="IREPORT_PATH" value=""/>
          <column name="JAVA_LIBRARY_PATH" value="C:\Program Files (x86)\Talend-Studio\studio\configuration\lib\java"/>
          <column name="Subjob color" value=""/>
          <column name="Title color" value=""/>
          <column name="Enable parallel execution" value="false"/>
          <column name="Number of parallel executions" value="2"/>
          <column name="PARALLELIZE_KEEP_EMPTY" value="false"/>
          <column name="REPOSITORY_ALLOW_AUTO_SWITCH" value="true"/>
          <column name="Schema" value="Built-In"/>
          <column name="Column to normalize" value="ViolationDesc"/>
          <column name="Item separator" value="&quot;\\|&quot;"/>
          <column name="Get rid of duplicate rows from output" value="false"/>
          <column name="Use CSV parameters" value="false"/>
          <column name="Escape mode" value="ESCAPE_MODE_DOUBLED"/>
          <column name="Text enclosure" value="&quot;\&quot;&quot;"/>
          <column name="Discard the trailing empty strings" value="false"/>
          <column name="Trim resulting values" value="false"/>
          <column name="Label format" value="__UNIQUE_NAME__"/>
          <column name="Hint format" value="&lt;b&gt;__UNIQUE_NAME__&lt;/b&gt;&lt;br&gt;__COMMENT__"/>
          <column name="Connection format" value="row"/>
          <column name="Show Information" value="false"/>
          <column name="Comment" value=""/>
          <column name="Use an existing validation rule" value="false"/>
          <column name="Validation Rule Type" value=""/>
        </parameters>
        <schemas>
          <schema name="ViolationDesc">
            <column name="ViolationDesc" key="false" type="String" length="1200" precision="" nullable="true" comment=""/>
            <column name="Violation_ID" key="false" type="Integer" length="9" precision="" nullable="true" comment=""/>
          </schema>
        </schemas>
      </component>
      <component icon="pictures/tUniqRow_1.png" uniqueName="tUniqRow_1" label="__UNIQUE_NAME__">
        <input link="tMap_3">tMap_3</input>
        <output link="tDBOutput_1">tDBOutput_1</output>
        <componentType>tUniqRow</componentType>
        <parameters>
          <column name="Unique Name" value="tUniqRow_1"/>
          <column name="Component Name" value="tUniqRow"/>
          <column name="Version" value="0.101 (ALPHA)"/>
          <column name="Family" value="Data_Quality"/>
          <column name="Startable" value="false"/>
          <column name="SUBTREE_START" value="false"/>
          <column name="END_OF_FLOW" value="false"/>
          <column name="Activate" value="true"/>
          <column name="DUMMY" value="false"/>
          <column name="tStatCatcher Statistics" value="false"/>
          <column name="Help" value="org.talend.help.tUniqRow"/>
          <column name="Update components" value="true"/>
          <column name="IREPORT_PATH" value=""/>
          <column name="JAVA_LIBRARY_PATH" value="C:\Program Files (x86)\Talend-Studio\studio\configuration\lib\java"/>
          <column name="Subjob color" value=""/>
          <column name="Title color" value=""/>
          <column name="Enable parallel execution" value="false"/>
          <column name="Number of parallel executions" value="2"/>
          <column name="PARALLELIZE_KEEP_EMPTY" value="false"/>
          <column name="REPOSITORY_ALLOW_AUTO_SWITCH" value="true"/>
          <column name="Schema" value="Built-In"/>
          <column name="Schema" value="Built-In"/>
          <column name="Schema" value="Built-In"/>
          <column name="Unique key" value="[{SCHEMA_COLUMN=Violation_ID, KEY_ATTRIBUTE=false, CASE_SENSITIVE=false}, {SCHEMA_COLUMN=Violation_Code, KEY_ATTRIBUTE=true, CASE_SENSITIVE=false}, {SCHEMA_COLUMN=Violation_Code_Uncleaned, KEY_ATTRIBUTE=false, CASE_SENSITIVE=false}, {SCHEMA_COLUMN=Violation_Category, KEY_ATTRIBUTE=false, CASE_SENSITIVE=false}, {SCHEMA_COLUMN=Code_Score, KEY_ATTRIBUTE=false, CASE_SENSITIVE=false}, {SCHEMA_COLUMN=Violation_Desc, KEY_ATTRIBUTE=false, CASE_SENSITIVE=false}]"/>
          <column name="Only once each duplicated key" value="false"/>
          <column name="Use of disk (suitable for processing large row set)" value="false"/>
          <column name="Buffer size in memory" value="M"/>
          <column name="Directory for temp files" value=""/>
          <column name="Ignore trailing zeros for BigDecimal" value="false"/>
          <column name="Label format" value="__UNIQUE_NAME__"/>
          <column name="Hint format" value="&lt;b&gt;__UNIQUE_NAME__&lt;/b&gt;&lt;br&gt;__COMMENT__"/>
          <column name="Connection format" value="row"/>
          <column name="Show Information" value="false"/>
          <column name="Comment" value=""/>
          <column name="Use an existing validation rule" value="false"/>
          <column name="Validation Rule Type" value=""/>
        </parameters>
        <schemas>
          <schema name="ViolationCode_Desc">
            <column name="Violation_ID" key="true" type="Integer" length="" precision="" nullable="true" comment=""/>
            <column name="Violation_Code" key="false" type="String" length="20" precision="" nullable="true" comment=""/>
            <column name="Violation_Code_Uncleaned" key="false" type="String" length="20" precision="" nullable="true" comment=""/>
            <column name="Violation_Category" key="false" type="String" length="8" precision="" nullable="true" comment=""/>
            <column name="Code_Score" key="false" type="Integer" length="" precision="" nullable="true" comment=""/>
            <column name="Violation_Desc" key="false" type="String" length="400" precision="" nullable="true" comment=""/>
          </schema>
        </schemas>
      </component>
    </internalNodeComponents>
    <externalNodeComponents>
      <component icon="pictures/tMap_1.png" uniqueName="tMap_1" label="__UNIQUE_NAME__" preview="pictures/external_preview_tMap_1.png">
        <input link="tDBInput_1">tDBInput_1</input>
        <output link="tNormalize_2">tNormalize_2</output>
        <output link="tNormalize_1">tNormalize_1</output>
        <componentType>tMap</componentType>
        <!--tMap_1-->
      </component>
      <component icon="pictures/tMap_3.png" uniqueName="tMap_3" label="__UNIQUE_NAME__" preview="pictures/external_preview_tMap_3.png">
        <input link="tHashInput_1">tHashInput_1</input>
        <input link="tHashInput_2">tHashInput_2</input>
        <output link="tUniqRow_1">tUniqRow_1</output>
        <componentType>tMap</componentType>
        <!--tMap_3-->
      </component>
    </externalNodeComponents>
    <connections>
      <connection label="row1" lineStyle="0" metaname="tDBInput_1" offsetLabelX="0" offsetLabelY="0" source="tDBInput_1" target="tMap_1"/>
      <connection label="OnSubjobOk" lineStyle="1" metaname="tDBInput_1" offsetLabelX="0" offsetLabelY="0" source="tDBInput_1" target="tHashInput_1"/>
      <connection label="ViolationDesc" lineStyle="0" metaname="ViolationDesc" offsetLabelX="50" offsetLabelY="5" source="tMap_1" target="tNormalize_2"/>
      <connection label="ViolationCode" lineStyle="0" metaname="ViolationCode" offsetLabelX="-39" offsetLabelY="-50" source="tMap_1" target="tNormalize_1"/>
      <connection label="row4" lineStyle="0" metaname="tNormalize_1" offsetLabelX="0" offsetLabelY="0" source="tNormalize_1" target="tHashOutput_1"/>
      <connection label="row11" lineStyle="0" metaname="tNormalize_2" offsetLabelX="0" offsetLabelY="0" source="tNormalize_2" target="tHashOutput_2"/>
      <connection label="row2" lineStyle="0" metaname="tHashInput_1" offsetLabelX="0" offsetLabelY="0" source="tHashInput_1" target="tMap_3"/>
      <connection label="ViolationCode_Desc" lineStyle="0" metaname="ViolationCode_Desc" offsetLabelX="0" offsetLabelY="0" source="tMap_3" target="tUniqRow_1"/>
      <connection label="row3" lineStyle="8" metaname="tHashInput_2" offsetLabelX="0" offsetLabelY="0" source="tHashInput_2" target="tMap_3"/>
      <connection label="row5" lineStyle="0" metaname="UNIQUE" offsetLabelX="0" offsetLabelY="0" source="tUniqRow_1" target="tDBOutput_1"/>
    </connections>
  </job>
</project>
